{"Critic_Loss": 0.902999997138977, "Eval_MaxReturn": 18.0, "Train_MaxReturn": 16.0, "Eval_AverageEpLen": 10.68421052631579, "_step": 9, "Train_AverageReturn": 10.38144302368164, "Train_MinReturn": 8.0, "Eval_StdReturn": 2.177700996398926, "Eval_AverageReturn": 10.684210777282715, "Train_EnvstepsSoFar": 91427, "TimeSinceStart": 22.905231475830078, "Eval_MinReturn": 8.0, "Actor_Loss": 41.086814880371094, "_timestamp": 1584795223.168529, "Train_AverageEpLen": 10.381443298969073, "Initial_DataCollection_AverageReturn": 16.700000762939453, "_runtime": 24.969810009002686, "Train_StdReturn": 1.614645004272461}
