{"Eval_MinReturn": 558.482666015625, "Train_MaxReturn": 4725.849609375, "Train_StdReturn": 12.196533203125, "_timestamp": 1582204987.7215493, "Eval_AverageEpLen": 1000.0, "Train_AverageReturn": 4713.6533203125, "Train_EnvstepsSoFar": 0, "Eval_StdReturn": 0.0, "Train_MinReturn": 4701.45654296875, "Initial_DataCollection_AverageReturn": 4713.6533203125, "_runtime": 6.283701181411743, "_step": 0, "Eval_MaxReturn": 558.482666015625, "TimeSinceStart": 1.2360150814056396, "Train_AverageEpLen": 1000.0, "Eval_AverageReturn": 558.482666015625}
