{"Actor_Loss": 41.086814880371094, "_step": 9, "Eval_MaxReturn": 18.0, "Initial_DataCollection_AverageReturn": 16.700000762939453, "Train_MaxReturn": 16.0, "Train_EnvstepsSoFar": 91427, "_runtime": 25.14434814453125, "Eval_AverageEpLen": 10.68421052631579, "_timestamp": 1584795830.09935, "Eval_MinReturn": 8.0, "Train_AverageReturn": 10.38144302368164, "Train_StdReturn": 1.614645004272461, "Train_MinReturn": 8.0, "Critic_Loss": 0.902999997138977, "TimeSinceStart": 23.099445343017578, "Eval_AverageReturn": 10.684210777282715, "Eval_StdReturn": 2.177700996398926, "Train_AverageEpLen": 10.381443298969073}
